 {
        "source_path": "articles/aks/autoscaler.md",
        "redirect_url": "/aks/cluster-autoscaler",
        "redirect_document_id": "False"
    },
    {
        "source_path": "articles/azure-resource-manager/deployment-manager-tutorial.md",
        "redirect_url": "/azure-resource-manager/templates/deployment-manager-tutorial",
        "redirect_document_id": "False"
    },
    {
        "source_path": "articles/azure-resource-manager/template-deploy-what-if.md",
        "redirect_url": "/azure-resource-manager/templates/template-deploy-what-if",
        "redirect_document_id": "False"
    },
    {
        "source_path": "articles/azure-resource-manager/templates/extension-resource-types.md",
        "redirect_url": "/azure-resource-manager/management/extension-resource-types",
        "redirect_document_id": "False"
    },
    {
        "source_path": "articles/cosmos-db/cosmos-db-azure-monitor-metrics.md",
        "redirect_url": "/cosmos-db/monitor-cosmos-db",
        "redirect_document_id": "False"
    },
    {
        "source_path": "articles/cosmos-db/how-to-custom-synchronization.md",
        "redirect_url": "/cosmos-db/how-to-multi-master",
        "redirect_document_id": "True"
    },
    {
        "source_path": "articles/cosmos-db/logging.md",
        "redirect_url": "/cosmos-db/monitor-cosmos-db",
        "redirect_document_id": "False"
    },
    {
        "source_path": "articles/cosmos-db/monitor-accounts.md",
        "redirect_url": "/cosmos-db/monitor-cosmos-db",
        "redirect_document_id": "False"
    },
    {
        "source_path": "articles/cosmos-db/spark-api-introduction.md",
        "redirect_url": "/cosmos-db/analytics-usecases",
        "redirect_document_id": "False"
    },
    {
        "source_path": "articles/virtual-machines/linux/cli-manage-nodejs.md",
        "redirect_url": "/virtual-machines/linux/create-cli-complete",
        "redirect_document_id": "False"
    },
    {
        "source_path": "articles/virtual-machines/linux/maintenance-and-updates.md",
        "redirect_url": "/virtual-machines/maintenance-and-updates?toc=/azure/virtual-machines/linux/toc.json&bc=/azure/virtual-machines/linux/breadcrumb/toc.json",
        "redirect_document_id": "False"
    },
    {
        "source_path": "articles/virtual-machines/linux/maintenance-notifications.md",
        "redirect_url": "/virtual-machines/maintenance-notifications?toc=/azure/virtual-machines/linux/toc.json&bc=/azure/virtual-machines/linux/breadcrumb/toc.json",
        "redirect_document_id": "False"
    },
    {
        "source_path": "articles/virtual-machines/windows/maintenance-and-updates.md",
        "redirect_url": "/virtual-machines/maintenance-and-updates?toc=/azure/virtual-machines/windows/toc.json&bc=/azure/virtual-machines/windows/breadcrumb/toc.json",
        "redirect_document_id": "False"
    },
    {
        "source_path": "articles/virtual-machines/windows/maintenance-notifications.md",
        "redirect_url": "/virtual-machines/maintenance-notifications?toc=/azure/virtual-machines/windows/toc.json&bc=/azure/virtual-machines/windows/breadcrumb/toc.json",
        "redirect_document_id": "False"
    },
    {
        "source_path": "articles/virtual-network/create-virtual-network-classic.md",
        "redirect_url": "/previous-versions/azure/virtual-network/create-virtual-network-classic",
        "redirect_document_id": "False"
    },
    {
        "source_path": "articles/virtual-network/virtual-network-create-udr-classic-cli.md",
        "redirect_url": "/previous-versions/azure/virtual-network/virtual-network-create-udr-classic-cli",
        "redirect_document_id": "False"
    },
    {
        "source_path": "articles/virtual-network/virtual-network-create-udr-classic-ps.md",
        "redirect_url": "/previous-versions/azure/virtual-network/virtual-network-create-udr-classic-ps",
        "redirect_document_id": "False"
    },
    {
        "source_path": "articles/virtual-network/virtual-network-deploy-multinic-classic-cli.md",
        "redirect_url": "/previous-versions/azure/virtual-network/virtual-network-deploy-multinic-classic-cli",
        "redirect_document_id": "False"
    },
    {
        "source_path": "articles/virtual-network/virtual-network-deploy-multinic-classic-ps.md",
        "redirect_url": "/previous-versions/azure/virtual-network/virtual-network-deploy-multinic-classic-ps",
        "redirect_document_id": "False"
    },
    {
        "source_path": "articles/virtual-network/virtual-network-ip-addresses-overview-classic.md",
        "redirect_url": "/previous-versions/azure/virtual-network/virtual-network-ip-addresses-overview-classic",
        "redirect_document_id": "False"
    },
    {
        "source_path": "articles/virtual-network/virtual-networks-acl-powershell.md",
        "redirect_url": "/previous-versions/azure/virtual-network/virtual-networks-acl-powershell",
        "redirect_document_id": "False"
    },
    {
        "source_path": "articles/virtual-network/virtual-networks-acl.md",
        "redirect_url": "/previous-versions/azure/virtual-network/virtual-networks-acl",
        "redirect_document_id": "False"
    },
    {
        "source_path": "articles/virtual-network/virtual-networks-create-nsg-classic-cli.md",
        "redirect_url": "/previous-versions/azure/virtual-network/virtual-networks-create-nsg-classic-cli",
        "redirect_document_id": "False"
    },
    {
        "source_path": "articles/virtual-network/virtual-networks-create-nsg-classic-ps.md",
        "redirect_url": "/previous-versions/azure/virtual-network/virtual-networks-create-nsg-classic-ps",
        "redirect_document_id": "False"
    },
    {
        "source_path": "articles/virtual-network/virtual-networks-create-vnet-classic-cli.md",
        "redirect_url": "/previous-versions/azure/virtual-network/virtual-networks-create-vnet-classic-cli",
        "redirect_document_id": "False"
    },
    {
        "source_path": "articles/virtual-network/virtual-networks-create-vnet-classic-netcfg-ps.md",
        "redirect_url": "/previous-versions/azure/virtual-network/virtual-networks-create-vnet-classic-netcfg-ps",
        "redirect_document_id": "False"
    },
    {
        "source_path": "articles/virtual-network/virtual-networks-create-vnet-classic-pportal.md",
        "redirect_url": "/previous-versions/azure/virtual-network/virtual-networks-create-vnet-classic-pportal",
        "redirect_document_id": "False"
    },
    {
        "source_path": "articles/virtual-network/virtual-networks-instance-level-public-ip.md",
        "redirect_url": "/previous-versions/azure/virtual-network/virtual-networks-instance-level-public-ip",
        "redirect_document_id": "False"
    },
    {
        "source_path": "articles/virtual-network/virtual-networks-migrate-to-regional-vnet.md",
        "redirect_url": "/previous-versions/azure/virtual-network/virtual-networks-migrate-to-regional-vnet",
        "redirect_document_id": "False"
    },
    {
        "source_path": "articles/virtual-network/virtual-networks-move-vm-role-to-subnet.md",
        "redirect_url": "/previous-versions/azure/virtual-network/virtual-networks-move-vm-role-to-subnet",
        "redirect_document_id": "False"
    },
    {
        "source_path": "articles/virtual-network/virtual-networks-reserved-private-ip.md",
        "redirect_url": "/previous-versions/azure/virtual-network/virtual-networks-reserved-private-ip",
        "redirect_document_id": "False"
    },
    {
        "source_path": "articles/virtual-network/virtual-networks-reserved-public-ip.md",
        "redirect_url": "/previous-versions/azure/virtual-network/virtual-networks-reserved-public-ip",
        "redirect_document_id": "False"
    },
    {
        "source_path": "articles/virtual-network/virtual-networks-sample-app.md",
        "redirect_url": "/previous-versions/azure/virtual-network/virtual-networks-sample-app",
        "redirect_document_id": "False"
    },
    {
        "source_path": "articles/virtual-network/virtual-networks-specifying-a-dns-settings-in-a-virtual-network-configuration-file.md",
        "redirect_url": "/previous-versions/azure/virtual-network/virtual-networks-specifying-a-dns-settings-in-a-virtual-network-configuration-file",
        "redirect_document_id": "False"
    },
    {
        "source_path": "articles/virtual-network/virtual-networks-specifying-dns-settings-in-a-service-configuration-file.md",
        "redirect_url": "/previous-versions/azure/virtual-network/virtual-networks-specifying-dns-settings-in-a-service-configuration-file",
        "redirect_document_id": "False"
    },
    {
        "source_path": "articles/virtual-network/virtual-networks-static-private-ip-classic-cli.md",
        "redirect_url": "/previous-versions/azure/virtual-network/virtual-networks-static-private-ip-classic-cli",
        "redirect_document_id": "False"
    },
    {
        "source_path": "articles/virtual-network/virtual-networks-using-network-configuration-file.md",
        "redirect_url": "/previous-versions/azure/virtual-network/virtual-networks-using-network-configuration-file",
        "redirect_document_id": "False"
    },
    {
        "source_path": "articles/virtual-wan/virtual-wan-office365-overview.md",
        "redirect_url": "/virtual-wan/virtual-wan-about",
        "redirect_document_id": "False"
    },