{
	"source_path": "articles/azure-resource-manager/best-practices-resource-manager-design-templates.md",
	"redirect_url": "/azure-resource-manager/resource-group-authoring-templates",
	"redirect_document_id": false
	},
	{
	"source_path": "articles/azure-resource-manager/resource-manager-rest-api.md",
	"redirect_url": "/rest/api/",
	"redirect_document_id": false
	},
	{
	"source_path": "articles/cosmos-db/run-hadoop-with-hdinsight.md",
	"redirect_url": "https://docs.microsoft.com/azure/hdinsight/hadoop/hdinsight-use-hive",
	"redirect_document_id": false
	},
	{
	"source_path": "articles/cosmos-db/tutorial-documentdb-and-mongodb-in-storage-explorer.md",
	"redirect_url": "https://docs.microsoft.com/azure/cosmos-db/storage-explorer",
	"redirect_document_id": false
	},
	{
	"source_path": "articles/service-fabric/service-fabric-add-a-web-frontend.md",
	"redirect_url": "/service-fabric/service-fabric-reliable-services-communication-aspnetcore",
	"redirect_document_id": false
	},
	{
	"source_path": "articles/site-recovery/concepts-azure-to-azure-architecture.md",
	"redirect_url": "azure-to-azure-architecture",
	"redirect_document_id": false
	},
	{
	"source_path": "articles/site-recovery/concepts-hyper-v-to-azure-architecture.md",
	"redirect_url": "hyper-v-azure-architecture",
	"redirect_document_id": false
	},
	{
	"source_path": "articles/site-recovery/concepts-on-premises-to-on-premises-networking.md",
	"redirect_url": "hyper-v-vmm-networking",
	"redirect_document_id": false
	},
	{
	"source_path": "articles/site-recovery/site-recovery-azure-to-azure.md",
	"redirect_url": "azure-to-azure-quickstart",
	"redirect_document_id": false
	},
	{
	"source_path": "articles/site-recovery/site-recovery-azure-to-azure-networking-guidance.md",
	"redirect_url": "azure-to-azure-about-networking",
	"redirect_document_id": false
	},
	{
	"source_path": "articles/site-recovery/site-recovery-azure-to-azure-troubleshoot-errors.md",
	"redirect_url": "azure-to-azure-troubleshoot-errors",
	"redirect_document_id": false
	},
	{
	"source_path": "articles/site-recovery/site-recovery-capacity-planning-for-hyper-v-replication.md",
	"redirect_url": "hyper-v-deployment-planner-overview",
	"redirect_document_id": false
	},
	{
	"source_path": "articles/site-recovery/site-recovery-deploy-with-powershell-resource-manager.md",
	"redirect_url": "hyper-v-powershell-resource-manager",
	"redirect_document_id": false
	},
	{
	"source_path": "articles/site-recovery/site-recovery-failback-from-azure-to-hyper-v.md",
	"redirect_url": "hyper-v-azure-failback",
	"redirect_document_id": false
	},
	{
	"source_path": "articles/site-recovery/site-recovery-how-to-reprotect-azure-to-azure.md",
	"redirect_url": "azure-to-azure-how-to-reprotect",
	"redirect_document_id": false
	},
	{
	"source_path": "articles/site-recovery/site-recovery-hyper-v-deployment-planner.md",
	"redirect_url": "hyper-v-deployment-planner-overview",
	"redirect_document_id": false
	},
	{
	"source_path": "articles/site-recovery/site-recovery-hyper-v-deployment-planner-analyze-report.md",
	"redirect_url": "hyper-v-deployment-planner-analyze-report",
	"redirect_document_id": false
	},
	{
	"source_path": "articles/site-recovery/site-recovery-hyper-v-deployment-planner-cost-estimation.md",
	"redirect_url": "hyper-v-deployment-planner-cost-estimation",
	"redirect_document_id": false
	},
	{
	"source_path": "articles/site-recovery/site-recovery-hyper-v-deployment-planner-run.md",
	"redirect_url": "hyper-v-deployment-planner-run",
	"redirect_document_id": false
	},
	{
	"source_path": "articles/site-recovery/site-recovery-hyper-v-exclude-disk.md",
	"redirect_url": "hyper-v-exclude-disk",
	"redirect_document_id": false
	},
	{
	"source_path": "articles/site-recovery/site-recovery-monitoring-and-troubleshooting.md",
	"redirect_url": "site-recovery-monitor-and-troubleshoot",
	"redirect_document_id": false
	},
	{
	"source_path": "articles/site-recovery/site-recovery-network-mapping.md",
	"redirect_url": "hyper-v-vmm-network-mapping",
	"redirect_document_id": false
	},
	{
	"source_path": "articles/site-recovery/site-recovery-network-mapping-azure-to-azure.md",
	"redirect_url": "azure-to-azure-network-mapping",
	"redirect_document_id": false
	},
	{
	"source_path": "articles/site-recovery/site-recovery-performance-and-scaling-testing-on-premises-to-on-premises.md",
	"redirect_url": "hyper-v-vmm-performance-results",
	"redirect_document_id": false
	},
	{
	"source_path": "articles/site-recovery/site-recovery-replicate-azure-to-azure.md",
	"redirect_url": "azure-to-azure-how-to-enable-replication",
	"redirect_document_id": false
	},
	{
	"source_path": "articles/site-recovery/site-recovery-support-matrix-azure-to-azure.md",
	"redirect_url": "azure-to-azure-support-matrix",
	"redirect_document_id": false
	},
	{
	"source_path": "articles/site-recovery/site-recovery-test-failover-vmm-to-vmm.md",
	"redirect_url": "hyper-v-vmm-test-failover",
	"redirect_document_id": false
	},
	{
	"source_path": "articles/site-recovery/site-recovery-vmm-to-vmm-powershell-resource-manager.md",
	"redirect_url": "hyper-v-vmm-powershell-resource-manager",
	"redirect_document_id": false
	},
	{
	"source_path": "articles/site-recovery/support-matrix-hyper-v-to-azure.md",
	"redirect_url": "hyper-v-azure-support-matrix",
	"redirect_document_id": false
	},
	{
	"source_path": "articles/site-recovery/tutorial-dr-drill-secondary.md",
	"redirect_url": "hyper-v-vmm-test-failover",
	"redirect_document_id": false
	},
	{
	"source_path": "articles/site-recovery/tutorial-hyper-v-to-azure.md",
	"redirect_url": "hyper-v-azure-tutorial",
	"redirect_document_id": false
	},
	{
	"source_path": "articles/site-recovery/tutorial-hyper-v-to-azure-failover-failback.md",
	"redirect_url": "hyper-v-failover-failback-tutorial",
	"redirect_document_id": false
	},
	{
	"source_path": "articles/site-recovery/tutorial-hyper-v-vmm-to-azure.md",
	"redirect_url": "hyper-v-vmm-azure-tutorial",
	"redirect_document_id": false
	},
	{
	"source_path": "articles/site-recovery/tutorial-migrate-azure-to-azure.md",
	"redirect_url": "azure-to-azure-tutorial-migrate",
	"redirect_document_id": false
	},
	{
	"source_path": "articles/site-recovery/tutorial-prepare-on-premises-hyper-v.md",
	"redirect_url": "hyper-v-prepare-on-premises-tutorial",
	"redirect_document_id": false
	},
	{
	"source_path": "articles/site-recovery/tutorial-vmm-to-vmm.md",
	"redirect_url": "hyper-v-vmm-disaster-recovery",
	"redirect_document_id": false
	},
	{
	"source_path": "articles/site-recovery/tutorial-vmm-to-vmm-failover-failback.md",
	"redirect_url": "hyper-v-vmm-failover-failback",
	"redirect_document_id": false
	},
	{
	"source_path": "articles/site-recovery/upgrade-site-recovery-vaults.md",
	"redirect_url": "site-recovery-overview",
	"redirect_document_id": false
	},
	{
	"source_path": "articles/virtual-machines/linux/classic/mysql-on-opensuse.md",
	"redirect_url": "/virtual-machines/linux/mysql-on-opensuse",
	"redirect_document_id": true
	},